text,ix,sentence,проведение выборов,качество управления,качество здравоохранения,строительство атомной электростанции,развитие промышленности,развитие сельского хозяйства,состояние жилья,качество и стоимость услуг ЖКХ,состояние дорожной сети,газификация
aspects-marked-part-1-elections-1.txt,1,"«Подобные встречи, — говорит Евгений Николаевич, — обязывают его как депутата брать под свой контроль тарифы на ЖКУ, чтобы не было больше резких скачков (как в посёлке Чистые Озёра), уже сейчас думать над выделением через областные адресные инвестиционные программы денег на нужды поселений, в Чистых Озёрах — это учёт услуг водоотведения, в Кузнецке — качество воды».",0,0,0,0,0,0,0,1,0,0
aspects-marked-part-1-elections-1.txt,5,"«Старская земля: Возрождение 2010—2015» — это комплексная программа, единая стратегия обновления региона, нацеленная на реформирование инфраструктуры, социальных объектов и основных фондов промышленных и сельскохозяйственных предприятий на территории области.",0,0,0,0,1,1,0,0,0,0
aspects-marked-part-1-elections-1.txt,7,10 октября 2010 года в городе Кузнецк пройдут выборы в депутаты Старской областной Думы.,1,0,0,0,0,0,0,0,0,0
aspects-marked-part-1-elections-1.txt,9,10 октября 2010 года состоятся выборы в Думу и органы местного самоуправления муниципальных образований Старской области.,1,0,0,0,0,0,0,0,0,0
aspects-marked-part-1-elections-1.txt,11,"30 июля наш регион получил лицензию на предпроектную подготовку, и сейчас из семи претендентов на размещение АЭС Кузнецкий район Старской области  занимает 2-ое место.",0,0,0,1,0,0,0,0,0,0
aspects-marked-part-1-elections-1.txt,13,"А ведь для Галича вопрос прихода газа — это вопрос низких тарифов, а значит, благополучия жителей.",0,0,0,0,0,0,0,1,0,1
aspects-marked-part-1-elections-1.txt,15,А вот котельные в небольших населённых пунктах могут успешно работать на отходах лесопереработки.,0,0,0,0,0,0,0,0,0,1
aspects-marked-part-1-elections-1.txt,19,"А где новые заводы — там новые рабочие места, новые дороги, жильё, детские сады и школы.",0,0,0,0,1,0,0,0,1,0
aspects-marked-part-1-elections-1.txt,21,"А где, в бюджетной политике или в здравоохранении, на ваш взгляд, сегодня больше проблем?",0,0,1,0,0,0,0,0,0,0
aspects-marked-part-1-elections-1.txt,23,"А для нас всех вся эта ситуация лишний повод задуматься, кому и почему неугоден Евгений Настругин в роли депутата областной думы, кто и почему мне не дал возможность избраться пять лет назад, кто и почему активно пытается воспротивиться этому сейчас — это явно не простые люди, жители города, которых большинство, это, скорее всего, небольшая кучка, состоящая из чиновников и приближённых к ним руководителей, которые привыкли к полной безнаказанности.",0,1,0,0,0,0,0,0,0,0
aspects-marked-part-1-elections-1.txt,25,"А если этих связей и влияния нет, то и ряд проблем решать будет практически невозможно, то есть, и с этой точки зрения господин Лебедев является не самым оптимальным кандидатом.",1,0,0,0,0,0,0,0,0,0
aspects-marked-part-1-elections-1.txt,27,"А есть, например, такие партии, которые активизируются раз в пять лет, причём прямо перед выборами — покричат, наделают шуму.",1,0,0,0,0,0,0,0,0,0
aspects-marked-part-1-elections-1.txt,29,"А ещё дальше от районного центра — ещё хуже, в общем, дороги, точнее их отсутствие — это большая проблема.",0,0,0,0,0,0,0,0,1,0
aspects-marked-part-1-elections-1.txt,31,"А ещё мы впервые столь масштабно проводили праймериз, по результатам которого и шёл отбор кандидатов.",1,0,0,0,0,0,0,0,0,0
aspects-marked-part-1-elections-1.txt,35,А какие же предприятия могут стать градообразующими?,0,0,0,0,1,0,0,0,0,0
aspects-marked-part-1-elections-1.txt,39,"А перед выборами Лебедев вспомнил, что они, проблемы эти, оказывается, есть — прямо как в анекдоте: «Ну не шмогла!",1,0,0,0,0,0,0,0,0,0
aspects-marked-part-1-elections-1.txt,42,А пока на повестке дня самый больной вопрос для кузнечан — повышение коммунальных тарифов: минувшей весной цены взлетели на 25 процентов.,0,0,0,0,0,0,1,1,0,0
aspects-marked-part-1-elections-1.txt,44,"А потом, вы не забывайте, что Евгений Николаевич уже много сделал для Кузнецка и Кузнецкого района, я имею в виду газификацию.",0,0,0,0,0,0,0,0,0,1
aspects-marked-part-1-elections-1.txt,46,"А работа в комитете по бюджету позволяет изыскивать средства для решения проблем здравоохранения, поскольку этот комитет обеспечивает финансовыми ресурсами потребности всех иных сфер и направлений.",0,0,1,0,0,0,0,0,0,0
aspects-marked-part-1-elections-1.txt,50,А также нужно остановить разбазаривание сельскохозяйственных земель и лесных угодий.,0,0,0,0,0,1,0,0,0,0
aspects-marked-part-1-elections-1.txt,58,"А у вас в Чистых Озёрах квартплата всё это время росла в разы — как было это одной из самых болевых точек, так и осталось.",0,0,0,0,0,0,0,1,0,0
aspects-marked-part-1-elections-1.txt,66,"А это даёт возможность больнице зарабатывать деньги, которые направляются, в том числе, и на оплату труда персонала.",0,0,1,0,0,0,0,0,0,0
aspects-marked-part-1-elections-1.txt,72,"Администрации необходима поддержка в областной Думе для реализации этой программы, и мы рассчитываем на помощь депутатской фракции партии «Большая страна».",0,1,0,0,0,0,0,0,0,0
aspects-marked-part-1-elections-1.txt,74,"Андрей Пламенев: не скомпрометировал себя своей работой в органах власти, является независимым кандидатом, поэтому будет работать в интересах людей; имеет достаточное влияние, вес, связи для того, чтобы эффективно решать большинство вопросов.",1,0,0,0,0,0,0,0,0,0
aspects-marked-part-1-elections-1.txt,76,"Без развитого экономического потенциала невозможно построить новые объекты социальной сферы: школы, больницы, детские сады, интернаты для пожилых людей и лиц с ограниченными возможностями, спортивные площадки, культурные учреждения.",0,0,1,0,0,0,0,0,0,0
aspects-marked-part-1-elections-1.txt,78,"Более того, постоянно растет квартплата: в 2009 году она выросла в среднем на 30%, а за 6 месяцев 2010 года уже на 16%.",0,0,0,0,0,0,0,1,0,0
aspects-marked-part-1-elections-1.txt,82,"Бюджетная поддержка может производиться как в виде поддержки инвестиционных проектов (в виде кредитов, субсидий, субвенций, предоставления государственных гарантий), так и в виде государственных заказов, размещаемых на предприятиях.",0,0,0,0,1,0,0,0,0,0
aspects-marked-part-1-elections-1.txt,90,"В 2009 году и на протяжении 2010 года идёт период подготовки документации, начаты некоторые геолого-разведывательные мероприятия (пробы грунта, воды) на вновь определённой для строительства площадке на территории Воскресенского территориального отделения Центрального сельского поселения Кузнецкого района.",0,0,0,0,0,0,0,1,0,0
aspects-marked-part-1-elections-1.txt,92,"В 2009 году начала функционировать ледовая арена «Планета», владельцем которой является ОАО «Кузнецкий химический завод».",0,0,0,0,1,0,0,0,0,0
aspects-marked-part-1-elections-1.txt,94,"В 2009—2010 годах сокращения затронули основные предприятия ОАО «РЖД»: локомотивное и вагонное депо, Кузнецкий участок Вологодского отделения Северной железной дороги.",0,0,0,0,1,0,0,0,1,0
aspects-marked-part-1-elections-1.txt,96,"В 2010 году в Кузнецком районе прекратило своё существование предприятие «Милосердие», ранее занимавшееся производством деталей и механизмов для машиностроительной отрасли производства.",0,0,0,0,1,0,0,0,0,0
aspects-marked-part-1-elections-1.txt,98,"В 2010 году руководство области потребовало у районных властей отменить непопулярные и неподъёмные для кошельков жителей решения по коммунальным тарифам — рост остановили, теперь решаем вопрос о том, как и за счёт чего их снизить.",0,0,0,0,0,0,1,1,0,0
aspects-marked-part-1-elections-1.txt,100,"В ближайшее время в Кузнецке необходимо будет перевести на природный газ мазутную котельную бани № 1, для этого необходимо построить новую модульную — старая расположена близко к воде, на берегу реки, который постепенно «сползает» в реку.",0,0,0,0,0,0,0,1,0,1
aspects-marked-part-1-elections-1.txt,104,"В городском округе в основном организован вывоз мусора с территории, прилегающей к многоэтажным домам: мусороуборочные машины приезжают дважды в сутки, утром и вечером, согласно установленного графика.",0,0,0,0,0,0,0,1,0,0
aspects-marked-part-1-elections-1.txt,108,"В диалоге с кузнечанами речь шла и о перспективах в развитии города и района: АЭС в Кузнецком районе начнут строить уже в 2011 году, в 2016-ом запланирован ввод в эксплуатацию первого блока, в 2018-ом — второго, а в 2020 году в эксплуатацию введут ещё два блока.",0,0,0,1,0,0,0,0,0,0
aspects-marked-part-1-elections-1.txt,110,В здравоохранении у нас две ключевые проблемы — отсутствие региональной детской больницы и плачевное состояние областной больницы.,0,0,1,0,0,0,0,0,0,0
aspects-marked-part-1-elections-1.txt,116,"В комитет по здравоохранению я вошёл потому, что у меня жена — врач, и среди друзей много медиков.",0,0,1,0,0,0,0,0,0,0
aspects-marked-part-1-elections-1.txt,122,В настоящее время отсутствует конкретная дата начала строительства Старской АЭС.,0,0,0,1,0,0,0,0,0,0
aspects-marked-part-1-elections-1.txt,132,"В общественной приемной в Кузнецке у депутата Евгения Настругина всегда многолюдно: со своими чаяниями посетители приходят ежедневно, этому человеку можно доверять, говорят кузнечане: в помощи не откажет, и не мудрено — общественно-политическая работа вот уже пять является основой его жизни.",0,1,0,0,0,0,0,0,0,0
aspects-marked-part-1-elections-1.txt,136,"В посёлке Чистые Озёра квартплата росла в разы — пришлось решать вопрос на уровне губернатора области, и только после этого удалось остановить рост и даже несколько снизить размер квартплаты.",0,0,0,0,0,0,0,1,0,0
aspects-marked-part-1-elections-1.txt,138,"В поселок пришёл частный инвестор, построивший газовую котельную и определивший срок окупаемости проекта в 5 лет.",0,0,0,0,0,0,0,0,0,1
aspects-marked-part-1-elections-1.txt,140,"В программе «Возрождение» на развитие здравоохранения выделяется 1 миллиард 749 миллионов рублей, будет 13 подпрограмм: «Артериальная гипертония», «Вакцинопрофилактика», «Сахарный диабет», «Онкология», «Психические расстройства» и другие.",0,0,1,0,0,0,0,0,0,0
aspects-marked-part-1-elections-1.txt,142,В продолжение вопроса о стоимости газа.,0,0,0,0,0,0,0,0,0,1
aspects-marked-part-1-elections-1.txt,148,В рамках модернизации коммунального хозяйства старской глубинки также будет проведена повсеместная установка коллективных приборов учета.,0,0,0,0,0,1,1,1,0,0
aspects-marked-part-1-elections-1.txt,150,"В рамках областной программы «Возрождение» на финансирование аграрного комплекса планируется привлечь 15 миллиардов рублей, моя задача ­— чтобы весомая часть данных средств пришла в Кузнецкий район.",0,0,0,0,0,1,0,0,0,0
aspects-marked-part-1-elections-1.txt,152,В рамках областной программы предусматривается вливание в лесопромышленный комплекс более 50 миллиардов рублей,0,0,0,0,1,0,0,0,0,0
aspects-marked-part-1-elections-1.txt,159,"В социальной сфере первоочередными считаю следующие вопросы: снижение безработицы, социальная поддержка и защита малоимущих граждан, наведение порядка в ЖКХ, контроль за обоснованностью тарифов, строительство и ремонт жилья, благоустройство населенных пунктов, медобслуживание, проблема детских дошкольных и детских досуговых учреждений, развитие объектов соцкультбыта.",0,0,0,0,0,0,0,1,0,0
aspects-marked-part-1-elections-1.txt,161,"В списке нашей партии на октябрьские выборы представлены хорошо известные, авторитетные люди.",1,0,0,0,0,0,0,0,0,0
aspects-marked-part-1-elections-1.txt,169,"В условиях отсутствия градообразующего предприятия, сокращений численности работников в 2009—2010 годах на железнодорожных предприятиях (вагонное, локомотивное депо), предприятиях химического производства (ЗАО «Экохиммаш») значительное количество населения, преимущественно мужского пола, вынуждено выезжать за пределы района и региона в целом в поисках работы.",0,0,0,0,1,0,0,0,0,0
aspects-marked-part-1-elections-1.txt,171,"В числе населённых пунктов, где в начале этого года произошел значительный рост тарифов на тепло, был и поселок Чистые Озёра.",0,0,0,0,0,0,0,1,0,0
aspects-marked-part-1-elections-1.txt,175,"В этой связи, на мой взгляд, особенно интересно звучат слова из предвыборной листовки Михаила Лебедева: «Мы заставили чиновников отвечать за свои действия и работу не перед высоким начальством — для галочки, а перед народом».",0,1,0,0,0,0,0,0,0,0
aspects-marked-part-1-elections-1.txt,179,"Ведь применение передовых методик и эффективных лекарств позволяет вылечивать пациентов быстро, без длительного пребывания в стационаре.",0,1,0,0,0,0,0,0,0,0
aspects-marked-part-1-elections-1.txt,183,"Вновь обращаюсь к вам перед выборами депутатов Старской областной думы для того, чтобы рассказать о своих планах работы на посту депутата областной думы на последующие пять лет, а сделать предстоит многое.",1,0,0,0,0,0,0,0,0,0
aspects-marked-part-1-elections-1.txt,185,"Во время встреч мне некоторые избиратели говорили о том, что они собираются голосовать за «Честную страну» из-за протеста, просто потому, что они устали.",1,0,0,0,0,0,0,0,0,0
aspects-marked-part-1-elections-1.txt,190,"Во-вторых нужно окашивать траву, то есть заставить управляющую компанию работать нормально.",0,1,0,0,0,0,0,0,0,0
aspects-marked-part-1-elections-1.txt,192,"Водители говорят, что асфальтовое покрытие осталось только в центре города Кузнецк, а если вглубь — всё сносилось, как будто асфальта никогда и не лежало.",0,0,0,0,0,0,0,0,1,0
aspects-marked-part-1-elections-1.txt,194,"Возможно, в оставшееся до выборов время со стороны избирательного штаба кандидата Лебедева и «Честной страны» с помощью Кузнецк-ТВ будут произведены провокации, и на меня в очередной раз выльют ведро грязи — не верьте!",1,0,0,0,0,0,0,0,0,0
aspects-marked-part-1-elections-1.txt,196,"Возможные решения проблемы высоких тарифов: активное привлечение частных инвесторов в разных формах, в том числе с привлечением внешних и иностранных инвестиций; реализация инвестиционных проектов; привлечение инвесторов под расселение аварийного жилого фонда; развитие малой энергетики (перевод котельных на биотопливо); создание товариществ собственников жилья.",0,0,0,0,0,0,1,1,0,1
aspects-marked-part-1-elections-1.txt,198,"Возьмём рост квартплаты: например, в 2009 году по Кузнецкому району рост составил 30%, за 6 месяцев 2010 года — уже 16%, а у вас в Чистых Озёрах квартплата всё это время росла в разы.",0,0,0,0,0,0,0,1,0,0
aspects-marked-part-1-elections-1.txt,206,"Вопрос, а жители города знают, что чиновники (включая и самого господина Лебедева) перед ними отчитываются, да ещё и не для галочки?",0,1,0,0,0,0,0,0,0,0
aspects-marked-part-1-elections-1.txt,216,"Вот ко мне в приёмную обратилась пенсионер Тамара Ивановна Васильева, рассказывала о том, что в доме собрали общее собрание жильцов и настаивали на установке счётчиков учёта потребления воды — дело, конечно, хорошее, но вот у данной конкретной женщины муж-инвалид, дочь безработная, доход 7 тысяч, а за квартиру должны платить 4 тысячи.",0,0,0,0,0,0,0,1,0,0
aspects-marked-part-1-elections-1.txt,224,"Впереди, конечно, Кузнецкая Атомная: для кузнецкой земли и для Старской земли — это огромный вклад инвестиций, это вклад в развитие индустрии региона, строительной индустрии, создание новых рабочих мест.",0,0,0,1,0,0,0,0,0,0
aspects-marked-part-1-elections-1.txt,234,"Все силы и возможности для строительства АЭС есть, губернатор Дмитрий Николаевич Ноздрёв обещал мне поддержку.",0,0,0,1,0,0,0,0,0,0
aspects-marked-part-1-elections-1.txt,236,"Всё это зачастую усугубляется ещё и нежеланием некоторых работников ЖКХ добросовестно и эффективно работать, им кажется, что можно просто раздуть цены и не предоставлять взамен ничего.",0,0,0,0,0,0,0,1,0,0
aspects-marked-part-1-elections-1.txt,240,"Встреча с жителями Чистых Озёр продолжалась почти 2 часа; в разговоре были затронуты темы приведения в соответствие с нормами платежей граждан за ЖКУ, взаимодействия с инвесторами, обсуждалась работа управляющей компании.",0,1,0,0,0,0,0,1,0,0
aspects-marked-part-1-elections-1.txt,242,Второе направление программы «Возрождение 2010—2015» — дороги.,0,0,0,0,0,0,0,0,1,0
aspects-marked-part-1-elections-1.txt,244,"Второе, мы идём на эти выборы с чёткой партийной программой «Старская земля: Возрождение 2010-2015», разработанной совместно с администрацией области.",1,1,0,0,0,0,0,0,0,0
aspects-marked-part-1-elections-1.txt,248,"Вчера ко мне обратился за помощью мой коллега, кандидат в депутаты областной думы Андрей Пламенев, поскольку руководитель Кузнецк-ТВ Елена Липина, сторонница кандидата Лебедева, хулиганскими действиями пыталась сорвать распространение предвыборных листовок Андрея Пламенева.",1,0,0,0,0,0,0,0,0,0
aspects-marked-part-1-elections-1.txt,250,Вчера я даже был вынужден заступиться за одного из кандидатов: ко мне обратился кандидат Пламенев.,1,0,0,0,0,0,0,0,0,0
aspects-marked-part-1-elections-1.txt,254,"Вы сами знаете, что ЖКХ в целом по Кузнецкому району и конкретно по вашему посёлку является одним из самых проблемных направлений.",0,0,0,0,0,0,0,1,0,0
aspects-marked-part-1-elections-1.txt,256,Вы сказали «если начнётся строительство АЭС».,0,0,0,1,0,0,0,0,0,0
aspects-marked-part-1-elections-1.txt,258,"Вы сказали, что партия идет на выборы с программой.",1,0,0,0,0,0,0,0,0,0
aspects-marked-part-1-elections-1.txt,266,"Выпускник мединститута, выбирая место работы, смотрит, какая больница, какая зарплата.",1,0,1,0,0,0,0,0,0,0
aspects-marked-part-1-elections-1.txt,268,"Выразить протест на выборах можно, проголосовав за оппозиционную партию и её кандидата, а как вы относитесь к оппозиции?",1,0,0,0,0,0,0,0,0,0
aspects-marked-part-1-elections-1.txt,272,Высокие тарифы на услуги ЖКХ — прямое следствие низкой эффективности коммунального хозяйства.,0,0,0,0,0,1,1,1,0,0
aspects-marked-part-1-elections-1.txt,274,"Газа кузнечанам катастрофически не хватало, но всё изменилось, когда в Кузнецке началось строительство газопровода; Евгений Настругин лично руководил процессом.",0,0,0,0,0,0,0,0,0,1
aspects-marked-part-1-elections-1.txt,276,"Газификация района продолжается до сих пор, в то же время перспективы у Кузнецка огромные.",0,0,0,0,0,0,0,0,0,1
aspects-marked-part-1-elections-1.txt,278,Газификация сегодня идёт слабо.,0,0,0,0,0,0,0,0,0,1
aspects-marked-part-1-elections-1.txt,282,"Говорить сегодня, что газификация тормозится из-за того, что областной бюджет не выделяет денег, было бы неверно.",0,0,0,0,0,0,0,0,0,1
aspects-marked-part-1-elections-1.txt,284,"Говорят, что Настругин неугоден некоторым местным чиновникам и руководителям.",0,1,0,0,0,0,0,0,0,0
aspects-marked-part-1-elections-1.txt,286,"Город Кузнецк — это достаточно молодой город, который динамично развивается: здесь такие нестандартные для нашей области предприятия — это химическое производство, большой железнодорожный узел.",0,0,0,0,1,0,0,0,0,0
aspects-marked-part-1-elections-1.txt,292,"Губернатор Дмитрий Ноздрёв заявляет, что природный газ будет дорожать и в ближайшей перспективе станет не выгоден.",0,0,0,0,0,0,0,0,0,1
aspects-marked-part-1-elections-1.txt,296,"Да и что-то сомнительно, что после выборов богатые люди захотят поделиться своими сверхдоходами.",1,0,0,0,0,0,0,0,0,0
aspects-marked-part-1-elections-1.txt,300,"Да, мы обсуждали вопрос об установке счётчиков сточных вод, это, по крайней мере, позволит понять, сколько реально образуется и транспортируется стоков.",0,0,0,0,0,0,0,1,0,0
aspects-marked-part-1-elections-1.txt,304,"Далеко за примерами ходить не надо: в городе Кузнецк множество домов, находящихся в аварийном состоянии, при этом квартплата начисляется как за благоустроенное жильё.",0,0,0,0,0,0,1,1,0,0
aspects-marked-part-1-elections-1.txt,312,"Дело в том, что сестра кандидата Лебедева, руководитель Кузнецк-ТВ Елена Липина, пыталась воспрепятствовать распространению листовок кандидата Пламенева, в котором говорится правда о кандидате Лебедеве.",1,0,0,0,0,0,0,0,0,0
aspects-marked-part-1-elections-1.txt,328,"Динамика роста квартплаты такова: 2007 год — 12,8 %, 2008 год — 20 %, 2009 год — 30 %, 6 месяцев 2010 года — 16 %.",0,0,0,0,0,0,0,1,0,0
aspects-marked-part-1-elections-1.txt,336,Для организации обсуждения программы «Возрождение 2010—2015» предполагается организация повсеместных сходов жителей и «высадка десанта» в составе представителей администрации области и депутатов от партии «Большая страна».,0,1,0,0,0,0,0,0,0,0
aspects-marked-part-1-elections-1.txt,338,"Для поддержки промышленного производства, в первую очередь, нужны деньги.",0,0,0,0,1,0,0,0,0,0
aspects-marked-part-1-elections-1.txt,340,"Для развития сети автомобильных дорог общего пользования регионального и межмуниципального значения, которая будет обеспечивать безопасные перевозки грузов и пассажиров, принята соответствующая областная целевая программа.",0,0,0,0,0,0,0,0,1,0
aspects-marked-part-1-elections-1.txt,342,Для решения данного вопроса необходимо привлечение областных средств на расселение ветхого и аварийного жилья.,0,0,0,0,0,0,1,0,0,0
aspects-marked-part-1-elections-1.txt,348,"Для того, чтобы эффективно решать проблемы жителей города Кузнецка и Кузнецкого района в областной Думе, необходимо иметь определённый политический вес, влияние, связи, знакомства, тогда решение вопросов будет происходить гораздо быстрее и эффективнее.",0,1,0,0,0,0,0,0,0,0
aspects-marked-part-1-elections-1.txt,350,Для увеличения промышленного производства в регионе ведется активная работа по привлечению внешних инвесторов.,0,0,0,0,1,0,0,0,0,0
aspects-marked-part-1-elections-1.txt,354,Дороги — самое слабое место в нашей области.,0,0,0,0,0,0,0,0,1,0
aspects-marked-part-1-elections-1.txt,356,"Дорогие избиратели, в воскресенье пройдут выборы депутата старской областной думы, поэтому хочу обратиться к вам.",1,0,0,0,0,0,0,0,0,0
aspects-marked-part-1-elections-1.txt,366,"Евгений Настругин родился в 1962 году в обычной рабочей семье: отец был наладчиком на заводе, мать — инженером-конструктором.",0,0,0,0,1,0,0,0,0,0
aspects-marked-part-1-elections-1.txt,372,"Евгений Николаевич помнит, как на улицах города лежал чёрный снег, когда ещё местные котельные работали на угле, а затем в дома кузнечан пришел дорогостоящий сжиженный газ, он хранился в резервуарах и с подводзом топлива задержки случались частенько.",0,0,0,0,0,0,0,0,0,1
aspects-marked-part-1-elections-1.txt,374,"Евгений Николаевич попросил администрацию города Кузнецка подобрать место для новой котельной, чтобы уже сейчас проанализировать, какой мощности она необходима.",0,1,0,0,0,0,0,0,0,1
aspects-marked-part-1-elections-1.txt,376,"Евгений Николаевич, в областной думе вы входите в состав сразу двух комитетов — по бюджету и по здравоохранению.",0,0,1,0,0,0,0,0,0,0
aspects-marked-part-1-elections-1.txt,380,"Евгений Николаевич, реален ли вариант, что в октябре «Большая страна» одержит на выборах полную победу и все депутаты областной думы будут членами или сторонниками этой партии?",1,0,0,0,0,0,0,0,0,0
aspects-marked-part-1-elections-1.txt,384,"Его можно понять, он хочет быстрее возвратить свои вложения, но при переходе на стопроцентную оплату услуг ЖКХ плата граждан за отопление существенно выросла.",0,0,0,0,0,0,0,1,0,0
aspects-marked-part-1-elections-1.txt,390,"Если же говорить об особенностях этой кампании, то новизна заключается в том, что на этих выборах наши кандидаты по партийному списку идут в связке с кандидатами по одномандатным округам.",1,0,0,0,0,0,0,0,0,0
aspects-marked-part-1-elections-1.txt,394,"Если кто-то тем или иным способом препятствует этому или пытается воздействовать на избирателей запрещёнными, нечестными способами, это уже никак не честные выборы — самое интересное, что этим занимаются как раз те, кто громче всех кричит о честных выборах.",1,0,0,0,0,0,0,0,0,0
aspects-marked-part-1-elections-1.txt,398,"Естественно, в городе и районе есть люди – некоторые чиновники и руководители – которые знают, что Настругин будет выносить проблемы Кузнецка и Кузнецкого района в Старск, будет озвучивать их лично губернатору.",0,1,0,0,0,0,0,0,0,0
aspects-marked-part-1-elections-1.txt,402,"Естественно, для реализации выделенных направлений необходимы средства — часть из них будет получена при пополнении местного бюджета, часть (например, на ЖКХ и здравоохранение) поступит из областного и федерального бюджетов по принятой губернатором программе «Возрождение 2010—2015».",0,0,1,0,0,0,0,1,0,0
aspects-marked-part-1-elections-1.txt,404,"Естественно, и начало строительства АЭС, и активизация промышленных, сельскохозяйственных и лесопромышленных предприятий увеличит нагрузки на наши дороги, точнее на то, что от них осталось, поскольку назвать это дорогами можно уже с большой натяжкой.",0,0,0,1,1,1,0,0,1,0
aspects-marked-part-1-elections-1.txt,406,"Естественно, необходимо увеличивать посевные площади и поголовье скота.",0,0,0,0,0,1,0,0,0,0
aspects-marked-part-1-elections-1.txt,414,"Ещё вот хочу сказать, что некоторые из кандидатов спекулируют на том, что Евгений Николаевич не местный — а я вот, дескать, в соседнем дворе живу.",1,0,0,0,0,0,0,0,0,0
aspects-marked-part-1-elections-1.txt,418,"Ещё раз призываю тех, кто хочет изменить ситуацию к лучшему, придти в воскресенье на избирательные участки и проголосовать за «Большую страну» и Настругина.",1,0,0,0,0,0,0,0,0,0
aspects-marked-part-1-elections-1.txt,420,"Ещё раз призываю тех, кто хочет изменить ситуацию к лучшему, прийти в воскресенье на избирательные участки и проголосовать за партию «Большая страна» и Настругина.",1,0,0,0,0,0,0,0,0,0
aspects-marked-part-1-elections-1.txt,422,"Ещё часть средств, например, на благоустройство населённых пунктов и строительство и ремонт жилья, мы сможем получить из федерального бюджета при реализации целевых программ по строительству АЭС и строительству дорог.",0,0,0,1,0,0,0,0,1,0
aspects-marked-part-1-elections-1.txt,424,"Жилищно-коммунальное хозяйство — одна из самых сложных проблем города и района, беды здесь две: во-первых, необоснованный рост тарифов, во-вторых, низкая эффективность коммунального хозяйства.",0,0,0,0,0,1,1,1,0,0
aspects-marked-part-1-elections-1.txt,426,"Жители данных территорий вынуждены организовывать свалки мусора в неустановленных местах, а в данных районах мусором, как правило, засоряются берега реки, традиционно являющиеся местом отдыха кузнечан.",0,0,0,0,0,0,0,1,0,0
aspects-marked-part-1-elections-1.txt,438,За последние 3 года по основным отраслям производства Кузнецкого района наблюдается спад объёмов.,0,0,0,0,1,0,0,0,0,0
aspects-marked-part-1-elections-1.txt,446,Здесь программа модернизации здравоохранения может помочь?,0,0,1,0,0,0,0,0,0,0
aspects-marked-part-1-elections-1.txt,448,"Здорово, конечно, похвально, к сожалению, чаще бывает по-другому: до выборов, на словах — все за правду, честность и простой народ, а после выборов об этом забывают.",1,0,0,0,0,0,0,0,0,0
aspects-marked-part-1-elections-1.txt,456,"И вообще, хочу сказать о том, что некоторые из кандидатов, на словах призывая к честным выборам, действуют прямо противоположно.",1,0,0,0,0,0,0,0,0,0
aspects-marked-part-1-elections-1.txt,460,"И всё это происходит при постоянном росте цен на продукты питания и оплату услуг ЖКХ — естественно, снижаются реальные доходы населения, у многих работающих размер дохода не достигает величины прожиточного минимума для Старской области.",0,0,0,0,0,0,0,1,0,0
aspects-marked-part-1-elections-1.txt,462,"И всё-таки, может быть, ради достижения успеха Евгению Николаевичу стоило бы пообещать побольше, ведь, как известно, некоторые из кандидатов не стесняются в своих обещаниях?",1,0,0,0,0,0,0,0,0,0
aspects-marked-part-1-elections-1.txt,482,"И при этом качество оказания коммунальных услуг не только не росло, но ещё и снижалось.",0,0,0,0,0,0,1,1,0,0
aspects-marked-part-1-elections-1.txt,484,"И проблема отопления тоже решится, поскольку объемы генерации возрастут, и стоимость гикакалории снизится.",0,0,0,0,0,0,0,1,0,0
aspects-marked-part-1-elections-1.txt,490,"И что особенно важно, у нас есть профессиональная команда управленцев, возглавляемая губернатором области Дмитрием Николаевичем Ноздрёвым, есть ответственный депутатский корпус, поддерживающий социальные инициативы власти, и поэтому мне кажется, что именно данное время является самым подходящим для того, чтобы наметить программу развития города Кузнецк и Кузнецкого района на следующие пять лет.",0,1,0,0,0,0,0,0,0,0
aspects-marked-part-1-elections-1.txt,494,"И, если кузнечане доверяют мне и лично Дмитрию Николаевичу Ноздрёву решение вопроса о строительства АЭС, мы сделаем всё для его положительного решения.",0,1,0,1,0,0,0,0,0,0
aspects-marked-part-1-elections-1.txt,498,"И, конечно же, для того, чтобы люди хотели оставаться жить и работать в нашем округе, необходимо решать проблемы благоустройства (в частности, уборки мусора и ликвидации свалок), детских дошкольных и досуговых учреждений, развития объектов соцкультбыта (стадионы, дома культуры, кинотеатры и тому подобное).",0,0,0,0,0,0,0,1,0,0
aspects-marked-part-1-elections-1.txt,506,"Или другая проблема, когда условия проживания — это просто катастрофа, а квартплату начисляют как за благоустроенное жильё; с этим столкнулись жители посёлка Пионерный.",0,0,0,0,0,0,0,1,0,0
aspects-marked-part-1-elections-1.txt,510,Именно с этой программой развития я и иду на выборы.,1,0,0,0,0,0,0,0,0,0
aspects-marked-part-1-elections-1.txt,512,"Именно эту программу развития города Кузнецк и Кузнецкого района я и предложу на ваш суд вместо предвыборной программы, которую обычно пишут кандидаты в депутаты.",1,0,0,0,0,0,0,0,0,0
aspects-marked-part-1-elections-1.txt,514,"Иногда создаётся впечатление, что некоторые работники ЖКХ, а иногда и работники городских и поселковых администраций, пользуясь тем, что в стране кризис, решили «под шумок» списать на него собственную некомпетентность, неумение и нежелание работать, а заодно и удовлетворить собственные аппетиты.",0,1,0,0,0,0,0,1,0,0
aspects-marked-part-1-elections-1.txt,516,"Интересно, а до начала выборов Рязанцев хотя бы слышал о том, что вообще есть в России город Кузнецк и Кузнецкий район?",1,1,0,0,0,0,0,0,0,0
aspects-marked-part-1-elections-1.txt,520,"Инфраструктура для строительства АЭС в поселке Чистые Озёра имеется, да и людям не терпится взяться за работу.",0,0,0,1,0,0,0,0,0,0
aspects-marked-part-1-elections-1.txt,524,"К 2015 году мы планируем расширить посевные площади до 350 тысяч гектаров, увеличить поголовье КРС до 130 тысяч голов, а валовое производство молока — до 200 тысяч тонн в год.",0,0,0,0,1,1,0,0,0,0
aspects-marked-part-1-elections-1.txt,526,"К примеру, для кузнечан, как, наверное, и для многих жителей области, актуальна проблема коммунальных тарифов — все мы помним, как тарифы подскочили в начале года (особенно в посёлке Чистые Озёра), и властям региона пришлось принимать волевое решение об их снижении.",0,0,0,0,0,0,1,1,0,0
aspects-marked-part-1-elections-1.txt,530,"К сожалению, в регионе недостаточно собственных средств для строительства новых и проведения капитального ремонта старых дорог.",0,0,0,0,0,0,0,0,1,0
aspects-marked-part-1-elections-1.txt,532,"К сожалению, за прошлые десятилетия отрасль сельского хозяйства пришла в упадок.",0,0,0,0,0,1,0,0,0,0
aspects-marked-part-1-elections-1.txt,534,"К сожалению, не могу того же самого сказать о других кандидатах, которые приглашали москвичей со всеми вытекающими последствиями.",1,0,0,0,0,0,0,0,0,0
aspects-marked-part-1-elections-1.txt,546,"Как вы и сами знаете, финансово-экономический кризис серьёзно сказался на экономике города и района, так, в 2009 году, по сравнению с предыдущими периодами объёмы производства промышленной продукции в Кузнецком муниципальном районе снизились почти в 1,5 раза.",0,0,0,0,1,0,0,0,0,0
aspects-marked-part-1-elections-1.txt,548,"Как вы помните, пять лет назад все другие кандидаты, как они уверяют, не сговариваясь, сняли свои кандидатуры, тем самым они сорвали выборы, и я не смог стать депутатом от Кузнецка и Кузнецкого района в областной думе, а сейчас мои противники пытаются меня же в этом и обвинить.",1,0,0,0,0,0,0,0,0,0
aspects-marked-part-1-elections-1.txt,554,"Как по-вашему, готова ли партия к предстоящим выборам и имеет ли нынешняя избирательная кампания какие-то особенности?",1,0,0,0,0,0,0,0,0,0
aspects-marked-part-1-elections-1.txt,556,"Как я уже говорил, значительная часть людей живет в ветхом и аварийном жилье.",0,0,0,0,0,0,1,0,0,0
aspects-marked-part-1-elections-1.txt,560,"Канализационные стоки из Чистых Озёр идут в Кузнецк, услуга, соответственно, стоит дорого; Евгений Николаевич Настругин пообещал лично помочь в приобретении и покупке счётчика для водоотведения.",0,0,0,0,0,0,0,1,0,0
aspects-marked-part-1-elections-1.txt,564,"Ко мне в приёмную обратился житель города Кузнецк с улицы Некрасова, он утверждает, что более 10 лет у них в доме протекает крыша: жители пишут заявки, коммунальные службы отвечают, что денег нет, а крыша все эти годы течёт.",0,0,0,0,0,0,1,1,0,0
aspects-marked-part-1-elections-1.txt,570,"Конечно же, речь идёт о строительстве АЭС — это деньги, рабочие места, занятость, уровень дохода, оживление экономики, больший бюджет города и района и тому подобное, и мне, как депутату нужно приложить все силы, и нельзя здесь сидеть на соседней улице в Кузнецке, а нужно ездить в Старск, Москву, добиваться начала строительства.",0,0,0,1,0,0,0,0,0,0
aspects-marked-part-1-elections-1.txt,576,"Конечно, для крупных котельных природный газ ещё долго останется предпочтительным видом топлива.",0,0,0,0,0,0,0,0,0,1
aspects-marked-part-1-elections-1.txt,578,"Конечно, если начнётся строительство АЭС, поселок разрастется, и будут построены очистные сооружения.",0,0,0,1,0,0,0,0,0,0
aspects-marked-part-1-elections-1.txt,580,"Конечно, к программе газификации надо возвращаться, надо переломить ситуацию.",0,0,0,0,0,0,0,0,0,1
aspects-marked-part-1-elections-1.txt,586,"Конечно, я не могу быть не за строительство АЭС, потому что здесь я оказалось только в связи со строительством атомной электростанции.",0,0,0,1,0,0,0,0,0,0
aspects-marked-part-1-elections-1.txt,594,"Кроме того, в сельском хозяйстве необходимо отходить от практики, когда мы просто торгуем сырьем — необходимо создавать вертикально интегрированные предприятия, которые будут не только производить, но и перерабатывать произведенную продукцию.",0,0,0,0,1,1,0,0,0,0
aspects-marked-part-1-elections-1.txt,598,"Кроме того, для создания кадрового резерва, который необходим при решении вопросов агропромышленного комплекса и строительства АЭС необходимо строительство нового жилья, как в городе, так и в сельских населенных пунктах.",0,0,0,1,0,1,0,0,0,0
aspects-marked-part-1-elections-1.txt,600,"Кроме того, на территории города Кузнецкого находится спортивный комплекс «Локомотив», принадлежащий Вологодскому отделению Северной железной дороги.",0,0,0,0,0,0,0,0,1,0
aspects-marked-part-1-elections-1.txt,602,"Кроме того, пострадали и работники предприятий химической промышленности, сокращённые с ОАО «Экохиммаш», ОАО ТЗК «Экохиммаш», ОАО «БХЗ».",0,0,0,0,1,0,0,0,0,0
aspects-marked-part-1-elections-1.txt,606,"Кроме того, я смогу помочь привлечь инвесторов, готовых вкладывать средства в наши предприятия, но при этом и осуществлять контроль, чтобы не допустить возможных махинаций, когда под видом инвестиций предприятия будут скупаться за бесценок.",0,0,0,0,1,0,0,0,0,0
aspects-marked-part-1-elections-1.txt,612,Крупнейшее деревообрабатывающее предприятие Кузнецкого района ЗАО «Кузнецклес» претерпело процедуру банкротства и в настоящее время также не существует.,0,0,0,0,1,0,0,0,0,0
aspects-marked-part-1-elections-1.txt,616,"Летом от разгула стихии пострадал практически каждый район области, и Кузнецкий не стал исключением — здесь повалило сотни деревьев, больше десятка жилых домов, школ и детских садов остались без крыш.",0,0,0,0,0,0,1,0,0,0
aspects-marked-part-1-elections-1.txt,622,"Люди жалуются на низкую квалификацию врачей, врачи — на низкую зарплату, на то, что вдруг с 2010 года убрали стажевые, молодые специалисты жалуются на отсутствие хотя бы служебного жилья и, как следствие, уезжают из района.",0,0,1,0,0,0,0,0,0,0
aspects-marked-part-1-elections-1.txt,624,Материально-техническая база больниц устарела.,0,0,1,0,0,0,0,0,0,0
aspects-marked-part-1-elections-1.txt,634,"Многие предприятия были вынуждены сокращать работников, прежде всего, предприятия, принадлежащие к РЖД, на которых было занято достаточно большое количество людей.",0,0,0,0,1,0,0,0,0,0
aspects-marked-part-1-elections-1.txt,636,"Многие предприятия попросту закрылись — это и «Кузнецклес», и «Русский лес», и «Милосердие», и другие предприятия.",0,0,0,0,1,0,0,0,0,0
aspects-marked-part-1-elections-1.txt,638,"Можно говорить о том, что программа «Возрождение 2010—2015» реальна, выполнима, взвешена — мне как специалисту, как управленцу с большим опытом это видно и понятно.",0,1,0,0,0,0,0,0,0,0
aspects-marked-part-1-elections-1.txt,640,"Можно предположить, что деньги (и не малые) на предвыборную агитацию господину Лебедеву и другим кандидатам от «Честной» страны кто-то дал — вопрос, кто это и зачем данному спонсору нести такие расходы: тут тебе и огромные тиражи (до 400000 экземпляров каждый) цветных газет, листовок, буклетов, и телевизионная реклама в немыслимых количествах, и уличные рекламные щиты, и концерты, и московские политтехнологи (а москвичи за копейки не работают).",1,0,0,0,0,0,0,0,0,0
aspects-marked-part-1-elections-1.txt,644,Моя задача как депутата — максимально ускорить начало строительства АЭС.,0,0,0,1,0,0,0,0,0,0
aspects-marked-part-1-elections-1.txt,646,Мы выдвинули 18 одномандатников и по три человека в 18 региональных группах по партийному списку.,1,0,0,0,0,0,0,0,0,0
aspects-marked-part-1-elections-1.txt,650,"Мы знаем, что у нас из той же областной больницы врачи уезжают в Ярославль, в другие регионы, где созданы лучшие условия.",0,0,1,0,0,0,0,0,0,0
aspects-marked-part-1-elections-1.txt,652,"На встречах с избирателями люди жалуются на неустройство во дворе, на дороги, на отсутствие детских площадок.",0,0,0,0,0,0,0,0,1,0
aspects-marked-part-1-elections-1.txt,656,"На мой взгляд, приоритетными направлениями в экономической сфере в настоящее время должны являться поддержка и развитие промышленных предприятий, поддержка и развитие сельскохозяйственных предприятий, развитие лесопромышленного комплекса, строительство АЭС, ремонт и строительство дорог.",0,0,0,1,1,1,0,0,1,0
aspects-marked-part-1-elections-1.txt,658,"На мой взгляд, честные выборы отличаются тем, что каждый кандидат может свободно общаться с избирателями и доносить до них свою программу.",1,0,0,0,0,0,0,0,0,0
aspects-marked-part-1-elections-1.txt,662,"На первом месте стоят жилищный и коммунальный вопросы, на втором — проблемы с трудоустройством и обеспечением лекарствами.",0,0,0,0,0,0,1,1,0,0
aspects-marked-part-1-elections-1.txt,664,"На строительство новых и капитальный ремонт старых дорог нужны огромные средства; в областном бюджете таких денег нет, поэтому выход — участие в федеральных целевых программах.",0,0,0,0,0,0,0,0,1,0
aspects-marked-part-1-elections-1.txt,668,На территории городского округа города Кузнецк рост тарифов ЖКХ является злободневной темой.,0,0,0,0,0,0,0,1,0,0
aspects-marked-part-1-elections-1.txt,674,"Наиболее обсуждаемыми среди населения города Кузнецк и Кузнецкого района являются следующие проблемы: повышение тарифов ЖКХ, качество дорог, качество питьевой воды (основное большинство жителей муниципальных домов использует для питья воду колодцев и артезианских скважин), отсутствие рабочих мест, низкий уровень зарплаты, низкое качество здравоохранения (некомплект врачей-специалистов в МУЗ «Кузнецкая ЦРБ»), продолжающийся развал железнодорожных предприятий, в результате которого квалифицированные специалисты, в основном ИТР, вынуждены  переезжать в соседние регионы (Вологда, Ярославль).",0,0,1,0,1,0,0,1,1,0
aspects-marked-part-1-elections-1.txt,678,"Например, если ехать на Саламу, то там асфальта вообще нет, пылища и яма на яме, после дождя — болото, также и по дороге на Махрово.",0,0,0,0,0,0,0,0,1,0
aspects-marked-part-1-elections-1.txt,682,"Например, сегодня большинство населения Кузнецка и Кузнецкого района используют в своем домашнем хозяйстве природный газ и уже забыли о проблемах и дороговизне сжиженного газа.",0,0,0,0,0,1,0,0,0,1
aspects-marked-part-1-elections-1.txt,692,"Наталья Романовна — самый лучший специалист в области по тарифообразованию, я пригласил её в эту поездку с тем, чтобы она рассказала людям, как формируются тарифы, какие есть нормативы, какие права у муниципальных и областных властей.",0,0,0,0,0,0,0,1,0,0
aspects-marked-part-1-elections-1.txt,696,"Начало строительства АЭС позволило бы решить ряд вопросов округа, но в настоящее время подготовительные работы идут ни шатко ни валко.",0,0,0,1,0,0,0,0,0,0
aspects-marked-part-1-elections-1.txt,698,"Начнём с места работы господина Лебедева — в настоящее время он является заместителем председателя Думы городского округа города Кузнецк, работает на освобождённой основе, то есть получает зарплату по месту работы в Думе, по закону приравнен к муниципальным служащим, то есть, фактически является чиновником.",0,1,0,0,0,0,0,0,0,0
aspects-marked-part-1-elections-1.txt,706,"Не подумайте, что я преувеличиваю, но жильцы там вынуждены зимой не закрывать воду (естественно, холодную, поскольку горячей просто нет) ни днём, ни ночью, иначе вода в кране просто замёрзнет.",0,0,0,0,0,0,0,1,0,0
aspects-marked-part-1-elections-1.txt,714,"Не секрет, что я иду на выборы в противовес местным чиновникам, которые не хотят, что бы у Кузнецка и Кузнецкого района был депутат, способный донести все проблемы до губернатора и областной администрации, способный изменить положение в городе и районе.",1,1,0,0,0,0,0,0,0,0
aspects-marked-part-1-elections-1.txt,716,"Не случайно из 460 миллиардов рублей, которые выделяются сегодня по инициированной партией «Большая страна» федеральной программе модернизации здравоохранения, 300 миллиардов рублей пойдут как раз на ремонт и реконструкцию учреждений здравоохранения.",0,0,1,0,0,0,0,0,0,0
aspects-marked-part-1-elections-1.txt,718,"Не хочу говорить, что, как только я ушёл из «Старскоблгаза», всё стало плохо, но в силу разных обстоятельств темпы газификации в настоящее время у нас действительно замедлились.",0,0,0,0,0,0,0,0,0,1
aspects-marked-part-1-elections-1.txt,720,"Некоторые из кандидатов, на словах призывая к честным выборам, действуют прямо противоположно.",1,0,0,0,0,0,0,0,0,0
aspects-marked-part-1-elections-1.txt,722,Нелёгкая ситуация наблюдалась и в сельском хозяйстве: в 2009 году более чем в два раза снизился объём сельскохозяйственного производства.,0,0,0,0,1,1,0,0,0,0
aspects-marked-part-1-elections-1.txt,726,"Несмотря на то, что сейчас в городе практически все угольные котельные переведены на газ, грязи на улицах районного центра по-прежнему осталось предостаточно.",0,0,0,0,0,0,0,0,0,1
aspects-marked-part-1-elections-1.txt,728,"Нет, это ответственность местных чиновников, в том числе и господина Лебедева.",0,1,0,0,0,0,0,0,0,0
aspects-marked-part-1-elections-1.txt,732,"Но в первую очередь, конечно, нужно обращать внимание на здравоохранение.",0,0,1,0,0,0,0,0,0,0
aspects-marked-part-1-elections-1.txt,736,"Но некоторые из кандидатов много обещают: решить вопрос с пенсиями, налогами и так далее, и тому подобное.",1,0,0,0,0,0,0,0,0,0
aspects-marked-part-1-elections-1.txt,740,"Но только волевыми решениями власти рост тарифов не остановить, нужны и экономические рычаги, экономическая база для решения данных вопросов.",0,0,0,0,0,0,0,1,0,0
aspects-marked-part-1-elections-1.txt,744,"Ну а мы уточним вопрос: разве в том, что не горят фонари, что дома разваливаются без ремонта, постоянные проблемы с водой, что город превращается в одну большую свалку — тоже виноваты Президент и Губернатор?",0,0,0,0,0,0,0,1,0,0
aspects-marked-part-1-elections-1.txt,746,"Ну а некоторые из чиновников вместо того, чтобы сказать, «простите, земляки, не справился», начинают обвинять «Большую страну», губернатора, президента.",0,1,0,0,0,0,0,0,0,0
aspects-marked-part-1-elections-1.txt,754,"Нужно контролировать, сколько тратится тепла и воды, как должны распределяться затраты на установку счётчиков.",0,0,0,0,0,0,0,1,0,0
aspects-marked-part-1-elections-1.txt,756,"Нужно, во-первых, создавать предприятия, ориентированные на комплексное производство и переработку сульхозпродукции (как, например, «Шувалово», «Парфеньевские сыры» и другие).",0,0,0,0,1,0,0,0,0,0
aspects-marked-part-1-elections-1.txt,759," Его опыта и полномочий достаточно, чтобы решить наиболее острые проблемы старичей»; вопрос, а чего же не решал, зачем позволил докатиться до такой жизни, а теперь вдруг перед выборами вспомнил, что и полномочия оказывается есть, и опыт вроде имеется.",1,0,0,0,0,0,0,0,0,0
aspects-marked-part-1-elections-1.txt,770," Введение налога на роскошь (яхты, особняки, дорогие автомобили)» — странно, по сути это означает, что областной руководитель «Честной» страны — гендиректор «Холод-Холдинга» Алексей Холмов — хочет добровольно начать платить больше налогов, оплачивать по отдельному тарифу средства роскоши, Михаил Лебедев и другие также станут платить больше налогов.",0,0,0,0,0,0,0,1,1,0
aspects-marked-part-1-elections-1.txt,772,"О самой партии написано: «Честная» страна — партия людей труда, партия бюджетников, а не чиновников и работодателей»; вопрос, а кто конкретно, господин Лебедев (чиновник) или сам господин Холмов (гендиректор «Холод-Холдинга») являются «людьми труда»?",0,1,0,0,0,0,0,0,0,0
aspects-marked-part-1-elections-1.txt,774,"О том, что атомная станция — это не просто мечта, а реальное будущее, депутат областной думы Евгений Настругин приехал рассказать кузнечанам лично.",0,0,0,1,0,0,0,0,0,0
aspects-marked-part-1-elections-1.txt,776,"Областная больница должна быть ведущей клиникой, там должно быть всё самое передовое, самое современное, но фактически ее материально-техническая база далека от этого.",0,0,1,0,0,0,0,0,0,0
aspects-marked-part-1-elections-1.txt,778,"Областная программа «Возрождение» предполагает привлечение федеральных средств на ремонт и строительство дорог, моя задача как депутата — опять же, привести сюда часть этих денег.",0,0,0,0,0,0,0,0,1,0
aspects-marked-part-1-elections-1.txt,782,"Объявить конкурс на лучший двор, помочь лучшим дворам ограждениями, посадочным материалом, привезти песка, плодородной земли, вывезти мусор, закрыть все эти стихийнные свалки — наверное, начать нужно с этого.",0,0,0,0,0,0,0,1,0,0
aspects-marked-part-1-elections-1.txt,784,Одна из таких программ уже реализуется на территории области — это программа партии «Большая страна» по асфальтированию улиц и дворовых территорий на общую сумму 263 миллиона рублей.,0,0,0,0,0,0,0,0,1,0
aspects-marked-part-1-elections-1.txt,788,"Однако, болевой точкой района является состояние оплаты за услуги ЖКХ в городском поселении Чистые Озёра, где с начала года оплата выросла в разы.",0,0,0,0,0,0,0,1,0,0
aspects-marked-part-1-elections-1.txt,790,"Однако, в 2010—2011 годах начало строительства Старской АЭС не планируется.",0,0,0,1,0,0,0,0,0,0
aspects-marked-part-1-elections-1.txt,792,"Однако, в связи с низкими доходами населения и высокой стоимостью проката коньков, пользование услугами арены недоступно для большинства жителей городского округа.",0,0,0,0,0,0,0,1,0,0
aspects-marked-part-1-elections-1.txt,794,"Однако, существует реальная проблема с уборкой мусора в посёлке Рабочее начало и жилом районе, расположенном за Чёрной речкой.",0,0,0,0,0,0,1,1,0,0
aspects-marked-part-1-elections-1.txt,806,"Опять же, ни в районе, ни в области денег на ремонт дорог нет, и привлечь их можно только из федерального центра на целевые программы.",0,0,0,0,0,0,0,0,1,0
aspects-marked-part-1-elections-1.txt,808,"Основные цели программы — вывести область на один уровень с лидерами ЦФО по развитию промышленного производства и сельского хозяйства, вовлечь в конструктивную дискуссию по обсуждению планов областной администрации, губернатора и фракции партии «Большая страна» всё активное население области, привлечь внимание федеральных органов власти к актуальным проблемам в социально-экономическом развитии области, разработать единую программу социально-экономического и культурного развития области для команды губернатора, идущей на выборы в Областную Думу.",1,1,0,0,1,1,0,0,0,0
aspects-marked-part-1-elections-1.txt,812,"Особенно сильно падение объёмов производства сказалось в химической промышленности и производстве и обработке древесины, где объёмы производства снижались более чем в три раза, а производство машин и оборудования вообще прекратилось.",0,0,0,0,1,0,0,0,0,0
aspects-marked-part-1-elections-1.txt,814,"Особый вопрос — здравоохранение: c одной стороны, жители недовольны низким качеством медицинского обслуживания в городе и районе, с другой, можно говорить и том, что существует некомплект врачей.",0,0,1,0,0,0,0,0,0,0
aspects-marked-part-1-elections-1.txt,820,"От дорог скоро совсем ничего не останется: уже сейчас в ряде мест школьные автобусы, которые должны развозить детей, не могут проехать по нашим дорогам.",0,0,0,0,0,0,0,0,1,0
aspects-marked-part-1-elections-1.txt,828,"Отмыть и отчистить город от мусора, привести в порядок дороги — всё это для властей должно стать задачей №1, считает Евгений Настругин.",0,0,0,0,0,0,0,1,1,0
aspects-marked-part-1-elections-1.txt,830,"Отсутствие средств в бюджете не позволило в полном объёме осуществить все задуманные программы, но всё же удалось выполнить главную задачу — обеспечить выполнение всех социальных обязательств областного бюджета перед учителями, врачами, ветеранами, всеми социально незащищёнными категориями населения.",0,0,1,0,0,0,0,0,0,0
aspects-marked-part-1-elections-1.txt,832,"Очень важное направление — промышленное производство, и одним из самых важных здесь является сохранение и создание рабочих мест.",0,0,0,0,1,0,0,0,0,0
aspects-marked-part-1-elections-1.txt,838,Партия «Большая страна» идёт на выборы с народными программами развития Старской области.,1,0,0,0,0,0,0,0,0,0
aspects-marked-part-1-elections-1.txt,842,Первая такая программы уже реализуется на территории области — это программа партии «Большая страна» по асфальтированию улиц и дворовых территорий на общую сумму 263 миллиона рублей.,0,0,0,0,0,0,0,0,1,0
aspects-marked-part-1-elections-1.txt,846,"Первоочередная стратегическая задача — создание градообразующего предприятия, без него город и район ждёт медленное угасание.",0,0,0,0,1,0,0,0,0,0
aspects-marked-part-1-elections-1.txt,848,"Первый уровень проблем — стратегический, который может быть решён только в Старске и на уровне федерального правительства; сюда входят задачи поддержки и развития предприятий промышленности, сельского хозяйства и лесной промышленности.",0,0,0,0,1,1,0,0,0,0
aspects-marked-part-1-elections-1.txt,854,"Планируется закупка новой диагностической и лечебной техники для больниц и поликлиник — и это необходимо делать в нашем районе, и мы это будем делать.",0,0,1,0,0,0,0,0,0,0
aspects-marked-part-1-elections-1.txt,862,По своему уровню Михаил Лебедев является одним из высокопоставленных чиновников города.,0,1,0,0,0,0,0,0,0,0
aspects-marked-part-1-elections-1.txt,864,"По словам Евгения Николаевича, жители вправе из первых уст знать, как формируются тарифы на ЖКУ, и каким образом осуществляется контроль качества этих услуг.",0,0,0,0,0,0,0,1,0,0
aspects-marked-part-1-elections-1.txt,866,"По-человечески я прекрасно понимаю эту позицию: работы нет, дети уезжают, для них тоже работы нет, дорог нет и так далее, и люди стали считать, что властям нет дела до их проблем.",0,0,0,0,0,0,0,0,1,0
aspects-marked-part-1-elections-1.txt,874,"Получается, что тот, кто работает в современном медицинском учреждении, может хорошо зарабатывать.",0,0,1,0,0,0,0,0,0,0
aspects-marked-part-1-elections-1.txt,886,"Почитаешь, послушаешь — слов нет, всем хорош кандидат: и деловой-то он, и земляк, а, самое главное, постоянно говорит про честность.",1,0,0,0,0,0,0,0,0,0
aspects-marked-part-1-elections-1.txt,888,"Поэтому АЭС нам нужна: это рабочие места, это совсем другой бюджет, это возможность ремонта дорог и зданий, это образование и здравоохранение.",0,0,1,1,0,0,0,0,1,0
aspects-marked-part-1-elections-1.txt,894,"Поэтому, представляется, что нужно создать условия, когда у медицинских учреждений будут условия и возможности оказывать качественную медицинскую помощь.",0,0,1,0,0,0,0,0,0,0
aspects-marked-part-1-elections-1.txt,896,"Правда, стоит сказать, что сейчас идут суды по переселению жителей данного поселка из аварийного жилья, администрация населённого пункта пытается затягивать вопрос, но думаю, всё решится в пользу жителей.",0,1,0,0,0,0,1,0,0,0
aspects-marked-part-1-elections-1.txt,898,"Предвыборная кампания проходила сложно: слишком много разочарований было у людей, люди устали, именно отсюда и пошло: «мы пойдём голосовать в знак протеста».",1,0,0,0,0,0,0,0,0,0
aspects-marked-part-1-elections-1.txt,900,"Предлагаемая мной программа развития города и района «Возрождение 2010—2015» направлена на реформирование объектов инфраструктуры, социальных объектов, основных фондов промышленных и сельскохозяйственных предприятий города и района, благодаря чему мы сумеем качественно повысить уровень жизни людей в городе и районе.",0,0,0,0,1,1,0,0,0,0
aspects-marked-part-1-elections-1.txt,908,"Предполагается разработка конкретных проектов в каждой из ключевых сфер экономики региона, начиная с сельского хозяйства и ЛПК и заканчивая социальной инфраструктурой и строительством жилья.",0,0,0,0,0,1,0,0,0,0
aspects-marked-part-1-elections-1.txt,912,Предприятия сокращают работников!,0,0,0,0,1,0,0,0,0,0
aspects-marked-part-1-elections-1.txt,917,"При политическом кукареканьи, раз уж мы употребляем такой термин, кандидат назначает виноватых даже вопреки здравому смыслу.",1,0,0,0,0,0,0,0,0,0
aspects-marked-part-1-elections-1.txt,919,"При привлечении бюджетной поддержки вижу свою задачу в помощи в получении государственной поддержки нашим предприятиям, «проталкивании» проектов районных предприятий в органах власти.",0,0,0,0,1,0,0,0,0,0
aspects-marked-part-1-elections-1.txt,921,"При этом выделенных средств педагогам хватило не только на ремонт спортзала, но и на замену ветхой системы отопления и водоснабжения, а также на установку новых пластиковых окон, потому что старые рамы уже еле держались.",0,0,0,0,0,0,1,1,0,0
aspects-marked-part-1-elections-1.txt,923,"При этом коренные преобразования сегодня необходимы как в промышленном производстве, так и в сельском хозяйстве, и в социальной сфере.",0,0,0,0,1,1,0,0,0,0
aspects-marked-part-1-elections-1.txt,927,"При этом необходимо учитывать систему учёта среднемесячной заработной платы на предприятиях города и района, когда суммируются заработные платы высокооплачиваемого руководства и оклады рядовых сотрудников, которые зачастую не достигают уровня прожиточного минимума, установленного на территории Старской области для трудоспособного населения, то есть 5787 рублей.",0,0,0,0,1,0,0,0,0,0
aspects-marked-part-1-elections-1.txt,929,"При этом с кузнечанами Евгений Николаевич познакомился ещё до своей работы в региональном парламенте — будучи директором «Старскобгаза», он участвовал в масштабной программе по газификация Кузнецка и Кузнецкого района.",0,0,0,0,0,0,0,0,0,1
aspects-marked-part-1-elections-1.txt,933,Приведу сравнительную таблицу достоинств и недостатков двух кандидатов.,1,0,0,0,0,0,0,0,0,0
aspects-marked-part-1-elections-1.txt,935,"Приглашаю вас придти на избирательные участки и сделать свой выбор — выбор не между Лебедевым и Настругиным, а между старым и новым, между сохранением старого бедственного положения и переменами к лучшему, обновлением, оздоровлением ситуации.",1,0,0,0,0,0,0,0,0,0
aspects-marked-part-1-elections-1.txt,937,"Призываю вас не допустить повторения ситуации пятилетней давности, когда мне сорвали выборы, и я не смог стать вашим депутатом от Кузнецка и Кузнецкого района в областной думе.",1,0,0,0,0,0,0,0,0,0
aspects-marked-part-1-elections-1.txt,941,Приказом Министерства промышленности и торговли Российской Федерации от 28 января 2009 года № 23 проект включен в перечень приоритетных инвестиционных проектов в области освоения лесов.,0,0,0,0,1,0,0,0,0,0
aspects-marked-part-1-elections-1.txt,951,"Приоритетные направления развития отраслей промышленности в регионе определены в концепции развития промышленности Старской области до 2020 года, в которой также выработаны эффективные механизмы для стимулирования промышленного производства во всех отраслях экономики.",0,1,0,0,1,0,0,0,0,0
aspects-marked-part-1-elections-1.txt,961,"Программа «Возрождение 2010—2015» включает в себя шесть основных направлений: дороги, ЖКХ, сельское хозяйство, лесопромышленный комплекс, промышленное производство, социальная сфера.",0,0,0,0,1,1,0,1,1,0
aspects-marked-part-1-elections-1.txt,965,"Программа «Возрождение 2010—2015» предполагает оптимизацию теплоснабжения, установку коллективных приборов учёта, перевод котельных на дешёвые местные виды топлива, установку котлов с повышенным КПД — тогда тарифы будут регулироваться экономикой, а не властными решениями.",0,0,0,0,0,0,0,1,0,1
aspects-marked-part-1-elections-1.txt,967,"Программа «Возрождение 2010—2015» предполагает также комплексное развитие сельских территорий (ФАПы, школы, детские сады, учреждения культуры).",0,0,1,0,0,0,0,0,0,0
aspects-marked-part-1-elections-1.txt,969,"Программа «Возрождение» — это модернизация ЖКХ, и начать нужно с оптимизации теплоснабжения — именно эта часть квартплаты является самой дорогой и затратной составляющей.",0,0,0,0,0,0,0,1,1,0
aspects-marked-part-1-elections-1.txt,973,"Программа «Возрождение» рассчитана на 5 лет, включает 6 основных направлений и использует комплексный подход, при котором развитие региона идет не от кампании к кампании — «Давайте делать дороги» или «Давайте займемся проблемами ЖКХ», а системно и последовательно.",0,0,0,0,0,0,0,1,1,0
aspects-marked-part-1-elections-1.txt,977,"Программа предполагает коренные преобразования по следующим важнейшим сферам областной экономики: дороги и дорожное хозяйство, ЖКХ и коммунальная энергетика, АПК, ЛПК, промышленное производство, модернизация социальной инфраструктуры.",0,0,0,0,1,1,1,1,1,0
aspects-marked-part-1-elections-1.txt,981,"Программа развития Старской области на ближайшие пять лет «Старская земля: Возрождение 2010—2015», предложенная партией «Большая страна» разрабатывалась совместно с администрацией области.",0,1,0,0,0,0,0,0,0,0
aspects-marked-part-1-elections-1.txt,991,"Пуск природного газа в муниципальные дома начался с 2005 года, и сегодня кузнечане не знают забот.",0,0,0,0,0,0,0,0,0,1
aspects-marked-part-1-elections-1.txt,993,"Работать газовикам приходилось в тяжелейших условиях: перекапывали город, прокладывали трубы практически без карт.",0,0,0,0,0,0,0,0,0,1
aspects-marked-part-1-elections-1.txt,999,"Развитие «точек роста» в региональной экономике, наряду с использованием основных конкурентных преимуществ области, позволит увеличить доходы областного бюджета, которые будут направлены на реконструкцию и развитие социальной инфраструктуры (новые детские сады, школы, больницы, культурные объекты, спортивные площадки).",0,0,1,0,0,0,0,0,0,0
aspects-marked-part-1-elections-1.txt,1003,"Ранее градообразующим предприятием являлся железнодорожный узел, теперь, он, к сожалению, утратил своё значение.",0,0,0,0,1,0,0,0,0,0
aspects-marked-part-1-elections-1.txt,1005,"Резко снижены объёмы производства древесины в связи с закрытием ЗАО «Кузнецклес» и, как следствие, закрытием  ООО «ТалицаДрев», «ТалицаЛес», «СаламаТранслес».",0,0,0,0,1,0,0,0,0,0
aspects-marked-part-1-elections-1.txt,1021,"Сами знаете, дорог в Кузнецке и Кузнецком районе осталось мало — ямочный ремонт делали годами, вот и получили результат.",0,0,0,0,0,0,0,0,1,0
aspects-marked-part-1-elections-1.txt,1027,"Сами подумайте, если в городе образовалась свалка — то виноваты в этом не губернатор и не «Большая страна», а городские чиновники, ну и так далее.",0,1,0,0,0,0,0,0,0,0
aspects-marked-part-1-elections-1.txt,1029,"Самое важное — градообразующее предприятие: если у города есть такое предприятие, город развивается, нет — латает дыры, поэтому АЭС нам нужна.",0,0,0,1,1,0,0,0,0,0
aspects-marked-part-1-elections-1.txt,1031,"Самым активным из кандидатов в депутаты областной Думы является господин Лебедев Михаил Анатольевич: его лицо смотрит на нас с рекламных щитов, развешенных по городу, он стал настоящей «звездой» телеэкранов — его рекламными роликами забит весь телеэфир, и это не считая многотысячных тиражей цветных газет, листовок, буклетов, которые заполонили город и сёла района.",1,0,0,0,0,0,0,0,0,0
aspects-marked-part-1-elections-1.txt,1035,"Сделать предстоит многое: как вы и сами знаете, экономика города и района сейчас находится не в лучшем состоянии, это касается и промышленности, и сельского хозяйства, и лесопромышленного комплекса.",0,0,0,0,1,1,0,0,0,0
aspects-marked-part-1-elections-1.txt,1043,Сегодня он профессиональный политик — руководит исполкомом регионального отделения партии «Большая страна» и является депутатом Старской областной думы четвёртого созыва.,0,1,0,0,0,0,0,0,0,0
aspects-marked-part-1-elections-1.txt,1045,"Сегодня тот же Галич газифицируется совсем не теми темпами, которые были в свое время при газификации Кузнецка.",0,0,0,0,0,0,0,0,0,1
aspects-marked-part-1-elections-1.txt,1047,Сегодня уже как депутат и член бюджетного комитета как вы оцениваете ход газификации области?,0,0,0,0,0,0,0,0,0,1
aspects-marked-part-1-elections-1.txt,1049,Сегодня часто говорят про ещё одну острую проблему медицины — кадровую.,0,0,1,0,0,0,0,0,0,0
aspects-marked-part-1-elections-1.txt,1051,"Сейчас в первую очередь деньги идут на школы, детские сады и больницы.",0,0,1,0,0,0,0,0,0,0
aspects-marked-part-1-elections-1.txt,1053,"Сейчас многие идут на выборы с критиканством: дескать, всё плохо, всё ужасно и тому подобное.",1,0,0,0,0,0,0,0,0,0
aspects-marked-part-1-elections-1.txt,1055,"Сейчас много говорят о нечестных выборах, об использование чёрных технологий и так далее.",1,0,0,0,0,0,0,0,0,0
aspects-marked-part-1-elections-1.txt,1061,"Сейчас прекрасно с газом, никаких перебоев нет, а раньше были часто перебои: то из Старска не привезли, то ещё что-нибудь — постоянно какие-то проблемы.",0,0,0,0,0,0,0,0,0,1
aspects-marked-part-1-elections-1.txt,1063,"Сейчас продолжаем работу, направленную на адекватное снижение квартплаты.",0,0,0,0,0,0,0,1,0,0
aspects-marked-part-1-elections-1.txt,1065,"Сейчас с газом всё хорошо, сейчас очень нравится.",0,0,0,0,0,0,0,0,0,1
aspects-marked-part-1-elections-1.txt,1081,"Скорее всего, проблемы сельского хозяйства и лесопромышленного комплекса вас волнуют меньше, поэтому здесь просто кратко замечу, что наша задача — создать эффективный агропромышленный и лесопромышленный комплекс.",0,1,0,0,1,1,0,0,0,0
aspects-marked-part-1-elections-1.txt,1087,Сложная ситуация сложилась в районе в лесопромышленном комплексе: были признаны банкротами крупные предприятия данной отрасли.,0,0,0,0,1,0,0,0,0,0
aspects-marked-part-1-elections-1.txt,1091,"Со здравоохранением разобрались, перейдём к бюджету.",0,0,1,0,0,0,0,0,0,0
aspects-marked-part-1-elections-1.txt,1095,"Совсем не радует и наше ЖКХ: качество услуг безобразное, а квартплата постоянно растёт.",0,0,0,0,0,0,0,1,0,0
aspects-marked-part-1-elections-1.txt,1099,Согласно новой программе партии «Большая страна» «Старская земля: Возрождение 2010—2015» в ближайшее пять лет таких экономичных котельных на территории региона будет построено около полусотни.,0,0,0,0,0,0,0,0,0,1
aspects-marked-part-1-elections-1.txt,1101,"Согласно программе «Возрождение 2010—2015» за ближайшую пятилетку в нашей области будет реализовано около 300 инвестиционных проектов в различных промышленных отраслях: общий объем инвестиций 85 миллиардов рублей, 10 тысяч новых рабочих мест, рост промышленного производства на 35 миллиардов рублей, и, как результат — пополнение казны и дополнительные возможности для развития социальной сферы.",0,0,0,0,1,0,0,0,0,0
aspects-marked-part-1-elections-1.txt,1103,"Соглашусь с вами, особенно смешно бывает слушать, когда такие партии и их кандидаты начинают давать абсолютно невыполнимые обещания, например, повысить пенсии, изменить налоги, но за данными обещаниями ничего нет — это обычная политическая спекуляция.",1,0,0,0,0,0,0,0,0,0
aspects-marked-part-1-elections-1.txt,1105,"Сокращали работников и предприятия химической промышленности, например, «Экохиммаш» и «БХЗ».",0,0,0,0,1,0,0,0,0,0
aspects-marked-part-1-elections-1.txt,1115,"Средства на модернизацию социальных учреждений будут, во-первых, выделяться в рамках областной программы «Возрождение» и здесь моя задача, опять же, направить достаточную часть данных средств к нам район, кроме того, возможно получение средств в рамках целевых программ строительства АЭС и федеральных целевых программ.",0,0,0,1,0,0,0,0,0,0
aspects-marked-part-1-elections-1.txt,1117,Старская область всегда славилась сельским хозяйством и льнообрабатывающей промышленностью.,0,0,0,0,1,1,0,0,0,0
aspects-marked-part-1-elections-1.txt,1121,Строительство атомной станции — это была инициатива в том числе и партии «Большая страна»: нужно было снять 20-летний мораторий на размещение АЭС.,0,0,0,1,0,0,0,0,0,0
aspects-marked-part-1-elections-1.txt,1123,Строительство АЭС остается больной проблемой округа.,0,0,0,1,0,0,0,0,0,0
aspects-marked-part-1-elections-1.txt,1125,"Стройка первого энергоблока АЭС запланирована на 2014 год, и в том, что это работа будет происходить на Старской земле, руководитель исполкома регионального отделения партии «Большая страна» Евгений Настругин не сомневается.",0,0,0,1,0,0,0,0,0,0
aspects-marked-part-1-elections-1.txt,1131,"Считаю, что завершение предварительных работ должно быть закончено уже в 2011 году, и, соответственно, само строительство АЭС должно быть начато уже в 2012 году.",0,0,0,1,0,0,0,0,0,0
aspects-marked-part-1-elections-1.txt,1133,Сюда же отношу и проблему «улучшения» в кавычках обслуживания пассажиров автобусного транспорта.,0,0,0,0,0,0,0,0,1,0
aspects-marked-part-1-elections-1.txt,1137,"Так, активизация промышленности и сельского хозяйства, а также строительства АЭС и дорог позволит существенно снизить проблему безработицы и повышения уровня жизни работающего населения.",0,0,0,1,1,1,0,0,1,0
aspects-marked-part-1-elections-1.txt,1141,"Так, в условиях сокращений численности работников в 2009—2010 годах на железнодорожных предприятиях (вагонное, локомотивное депо), предприятиях химического производства и многих других значительное количество мужского населения нашего района вынуждено выезжать за пределы района и области в целом в поисках работы.",0,0,0,0,1,0,0,0,0,0
aspects-marked-part-1-elections-1.txt,1143,"Так, например, благоустройство города, дворов, ликвидация свалок, водоснабжение и так далее относятся к деятельности местных властей, то же самое относится и к уровню тарифов на ЖКХ.",0,0,0,0,0,0,0,1,0,0
aspects-marked-part-1-elections-1.txt,1145,"Так, например, во время предвыборной кампании я столкнулся с прямым и косвенным противодействием со стороны некоторых городских чиновников и руководителей: мне срывали встречи, пользуясь моим именем, обманывали людей с тем, чтобы свалить вину на меня.",0,1,0,0,0,0,0,0,0,0
aspects-marked-part-1-elections-1.txt,1147,"Так, например, непонятно, почему такие сравнительно крупные предприятия лесопромышленного комплекса, как «Кузнецклес» и «Русский лес» начали процедуру банкротства, а, в то же время, некие частные лица выкупают пустующие помещения и начинают там переработку леса; что это — случайность или опять попытка под прикрытием кризиса удовлетворить собственные аппетиты и избежать ответственности?",0,0,0,0,1,0,0,0,0,0
aspects-marked-part-1-elections-1.txt,1151,"Так, производство машин и оборудования снизилось до нуля в связи с закрытием МУП «Милосердие».",0,0,0,0,1,0,0,0,0,0
aspects-marked-part-1-elections-1.txt,1155,"Также отмечу, что на финансирование аграрной составляющей «Возрождения» привлекается 15 миллиардов рублей.",0,0,0,0,0,1,0,0,0,0
aspects-marked-part-1-elections-1.txt,1157,"Таким чиновникам и руководителям очень не хочется выносить сор из избы, они по прежнему рапортуют о том, что всё под контролем, сознательно уменьшая проблемы.",0,1,0,0,0,0,0,0,0,0
aspects-marked-part-1-elections-1.txt,1163,"Там даже школьный автобус, который детей возит, проехать не может.",0,0,0,0,0,0,0,0,1,0
aspects-marked-part-1-elections-1.txt,1177,То же самое нужно делать и с автомобильными дорогами общего пользования.,0,0,0,0,0,0,0,0,1,0
aspects-marked-part-1-elections-1.txt,1181,"Только в последние годы в области реализуется комплексная программа реформы АПК, основанная на создании вертикально интегрированных предприятий, которые ориентированы на комплексное производство и переработку сельхозпродукции.",0,0,0,0,1,1,0,0,0,0
aspects-marked-part-1-elections-1.txt,1183,"Только влив деньги в предприятия, которые будут использованы на закупку сырья и оборудования, наладку технологии, выплату зарплаты, можно повысить объёмы производства.",0,0,0,0,1,0,0,0,0,0
aspects-marked-part-1-elections-1.txt,1191,"У них сейчас остро стоит другая проблема — канализационные стоки идут по трубам в Кузнецк, из-за чего очень высока стоимость услуги по водоотведению.",0,0,0,0,0,0,0,1,0,0
aspects-marked-part-1-elections-1.txt,1193,"У облгаза есть свои программы, та же программа спецнадбавки, на средства которой можно вести строительство газопроводов.",0,0,0,0,0,0,0,0,0,1
aspects-marked-part-1-elections-1.txt,1195,"Уверен, что и в следующем созыве наша партия сможет сформировать сильную, работоспособную фракцию, которая будет эффективно работать на благо наших избирателей и делать всё для благополучия и процветания Старской области.",0,1,0,0,0,0,0,0,0,0
aspects-marked-part-1-elections-1.txt,1199,"Управляющая компания обязана отчитываться и быть открытой, и старшим домов нужно знать свои права, а жителям выбирать активных старших по домам.",1,1,0,0,0,0,0,0,0,0
aspects-marked-part-1-elections-1.txt,1201,"Управляющая компания сначала устанавливает, а затем, допустим в течение 5 лет, взымает затраты с жильцов — это злободневные вопросы, которые волнуют всех, потому что все платят за квартиру, поэтому сегодняшняя встреча очень важна.",0,1,0,0,0,0,0,0,0,0
aspects-marked-part-1-elections-1.txt,1203,"Устранить аварийную ситуацию своими силами дошкольному учреждению было не по карману, и средства на ремонт перекрытий полностью выделил депутат Настругин.",0,0,0,0,0,0,1,0,0,0
aspects-marked-part-1-elections-1.txt,1205,"Учитывая предыдущее поведение своих оппонентов, предполагаю, что они в последний день перед выборами не остановятся перед какими-нибудь очередными гадостями и, возможно попытаются вылить на меня очередное ведро грязи.",1,0,0,0,0,0,0,0,0,0
aspects-marked-part-1-elections-1.txt,1207,"Учитывая предыдущее поведение своих оппонентов, предполагаю, что они в последний день перед выборами не остановятся перед какими-нибудь очередными гадостями и, возможно, попытаются вылить на меня очередное ведро грязи.",1,0,0,0,0,0,0,0,0,0
aspects-marked-part-1-elections-1.txt,1215,"Цели программы: диверсификация сельского хозяйства, повышение производительности труда, комплексное развитие сельских территорий, повышение качества жизни сельского населения.",0,0,0,0,0,1,0,0,0,0
aspects-marked-part-1-elections-1.txt,1221,"Часть предприятий снижает или вовсе не платит заработную плату, и в этих условиях работники вынуждены сами увольняться и начинать искать работу.",0,0,0,0,1,0,0,0,0,0
aspects-marked-part-1-elections-1.txt,1231,"Чистозёрцев волнует не только проблема теплоснабжения (а именно высокая цена на тепло, которым поселок снабжается от новой модульной газовой котельной), но и водоотведение — канализационные стоки из Чистых Озёр идут в Кузнецк, услуга, соответственно, стоит дорого.",0,0,0,0,0,0,0,1,0,1
aspects-marked-part-1-elections-1.txt,1239,"Чтобы не повторять ситуацию с резким ростом тарифов, нужно модернизировать ЖКХ, и, в первую очередь, её наиболее затратную составляющую — теплоэнергетику.",0,0,0,0,0,0,0,1,0,0
aspects-marked-part-1-elections-1.txt,1243,"Чтобы сдержать рост коммунальных тарифов, нужно строить более экономичные котельные, работающие на дешёвом топливе: торфе и отходах деревообработки.",0,0,0,0,0,0,1,1,0,1
aspects-marked-part-1-elections-1.txt,1245,"Чтобы урегулировать ситуацию, рабочая группа областной администрации, которая занимается вопросами оптимизации теплоснабжения в регионе, предложила увеличить срок окупаемости проекта — в результате инвестиционная составляющая уменьшилась, и тариф снизился.",0,1,0,0,0,0,0,1,0,0
aspects-marked-part-1-elections-1.txt,1249,Эти партии кричат: «безработица»; а люди действительно прошли через остановку предприятия и сокращение.,0,0,0,0,1,0,0,0,0,0
aspects-marked-part-1-elections-1.txt,1251,"Эти партии кричат: «вода плохая»; человек открывает кран — действительно, плохая.",0,0,0,0,0,0,0,1,0,0
aspects-marked-part-1-elections-1.txt,1257,"Это будет тем проще, чем скорее начнутся работы на АЭС.",0,0,0,1,0,0,0,0,0,0
aspects-marked-part-1-elections-1.txt,1261,"Это, с одной стороны, улучшит ситуацию в сельском хозяйстве, с другой стороны, позволит обеспечивать население района и области более дешёвыми и более качественными продуктами питания.",0,0,0,0,0,1,0,0,0,0
aspects-marked-part-1-elections-1.txt,1263,"Я был вынужден вмешаться, поскольку я за честные выборы не на словах, а на деле, поскольку я за равные возможности всех кандидатов.",1,0,0,0,0,0,0,0,0,0
aspects-marked-part-1-elections-1.txt,1267,"Я за честные выборы — люди должны иметь возможность сделать свой выбор осознанно, без зомбирования, без влияния чёрных пиар-технологий.",1,0,0,0,0,0,0,0,0,0
aspects-marked-part-1-elections-1.txt,1277,"Я прошу избирателей задуматься, кому здесь неугоден Настругин, и в день выборов решить для себя, за кого голосовать — ведь это будет выбор не между Настругиным и Лебедевым, а выбор между новым и старым, между обновлением, изменениями к лучшему и сохранением старого положения.",1,0,0,0,0,0,0,0,0,0
aspects-marked-part-1-elections-1.txt,1279,"Я слышал, что вы столкнулись с противодействием со стороны городских чиновников и руководителей: срывали встречи на предприятиях и в организациях.",0,1,0,0,1,0,0,0,0,0
aspects-marked-part-1-elections-1.txt,1285,"Я считаю, что строительство атомной электростанции изменит жизнь поселка в лучшую сторону: мы будем жить, должны по крайней мере, богаче, благополучнее, успешнее.",0,0,0,1,0,0,0,0,0,0
